<?xml version="1.0"?>
<doc>
    <assembly>
        <name>MB Security</name>
    </assembly>
    <members>
        <member name="T:MB_Security.MBExtensions">
            <summary>
            Created By MBARK T3STO
            Helping you to do some routine operations in short time
            </summary>
        </member>
        <member name="M:MB_Security.MBExtensions.ToBytes(System.String)">
            <summary>
            Encode a String value to Bytes
            </summary>
        </member>
        <member name="M:MB_Security.MBExtensions.ToBytes(System.Int32)">
            <summary>
            Encode an Int value to Bytes
            </summary>
        </member>
        <member name="M:MB_Security.MBExtensions.FromBase64ToBytes(System.String)">
            <summary>
            Decode a String value (From Base64) to Bytes array Equivalent
            </summary>
        </member>
        <member name="M:MB_Security.MBExtensions.FromBytesToString(System.Byte[])">
            <summary>
            Decode an array of Bytes to String Equivalent
            </summary>
        </member>
        <member name="M:MB_Security.MBExtensions.ToBase64(System.Byte[])">
            <summary>
            Convert an array of Bytes to Base64
            </summary>
        </member>
        <member name="M:MB_Security.MBExtensions.ToBase64(System.String)">
            <summary>
            Convert an array of Bytes to Base64
            </summary>
        </member>
        <member name="T:MB_Security.MBytes">
            <summary>
            Created By MBARK T3STO
            Helping you Encode / Decode from/to bytes
            </summary>
        </member>
        <member name="M:MB_Security.MBytes.FromBase64(System.String)">
            <summary>
            Encode a Base64 String value to Bytes
            </summary>
            <param name="Data">Value to be Encoded as Bytes</param>
            <returns></returns>
        </member>
        <member name="M:MB_Security.MBytes.FromString(System.String)">
            <summary>
            Encode a String value to Bytes
            </summary>
            <param name="Data">Value to be Encoded as Bytes</param>
            <returns></returns>
        </member>
        <member name="M:MB_Security.MBytes.FromInt(System.Int32)">
            <summary>
            Encode an Int value to Bytes
            </summary>
            <param name="Data">Value to be Encoded as Bytes</param>
            <returns></returns>
        </member>
        <member name="M:MB_Security.MBytes.ToString(System.Byte[])">
            <summary>
            Decode an Array of Bytes to a String value
            </summary>
            <param name="Bytes">Value to be Decoded as string</param>
            <returns></returns>
        </member>
        <member name="T:MB_Security.MBSecurity">
            <summary>
            Created by MBARK T3STO, to helping you Encrypt and Decrypt data with easiest way
            </summary>
        </member>
        <member name="F:MB_Security.MBSecurity.Default_IV">
            <summary>
            Default Used IV
            </summary>
        </member>
        <member name="F:MB_Security.MBSecurity.Default_Key_4_Enc_Dec">
            <summary>
            Default key will used to Encrypt || Decrypt Data
            </summary>
        </member>
        <member name="F:MB_Security.MBSecurity.Default_Key_4_Enc_Dec_Keys">
            <summary>
            Default key will used to Encrypt || Decrypt Keys (AES algorithm need 32 Hex values in key in this case (IV Values count * 2))
            </summary>
        </member>
        <member name="F:MB_Security.MBSecurity.Generate_Key">
            <summary>
            Generate a new random Private Key
            </summary>
        </member>
        <member name="F:MB_Security.MBSecurity.Encrypt_Key">
            <summary>
            Encrypt the Generated Key
            </summary>
        </member>
        <member name="F:MB_Security.MBSecurity.Decrypt_Key">
            <summary>
            Encrypt the generated Key
            </summary>
        </member>
        <member name="F:MB_Security.MBSecurity.Encryptor">
            <summary>
            Encrypt data
            </summary>
        </member>
        <member name="F:MB_Security.MBSecurity.Decryptor">
            <summary>
            Decrypt data
            </summary>
        </member>
        <member name="M:MB_Security.MBSecurity.Encrypt(System.String,System.String,System.Byte[])">
            <summary>
            Encrypt data using a Key
            </summary>
            <param name="Plain_Data">Data you want to encrypt</param>
            /// <param name="Key">The private || RGB key</param>
            <param name="IV">Initialization vector to use</param>
            <returns>Encrypted data or Null</returns>
        </member>
        <member name="M:MB_Security.MBSecurity.Encrypt(System.String,System.String)">
            <summary>
            Encrypt data using a Key
            </summary>
            <param name="Plain_Data">Data you want to encrypt</param>
            /// <param name="Key">The private || RGB key</param>
            <returns>Encrypted data or Null</returns>
        </member>
        <member name="M:MB_Security.MBSecurity.Encrypt(System.String)">
            <summary>
            Encrypt data using an Auto generated Key
            </summary>
            <param name="Plain_Data">Data you want to encrypt</param>
            <returns>Encrypted data or Null</returns>
        </member>
        <member name="M:MB_Security.MBSecurity.EncryptWithoutKey(System.String)">
            <summary>
            Encrypt data without key
            </summary>
            <param name="Plain_Data">Data you want to encrypt</param>
            <returns>Encrypted data or Null</returns>
        </member>
        <member name="M:MB_Security.MBSecurity.Decrypt(System.String,System.String,System.Byte[])">
            <summary>
            Decrypt encrypted data
            </summary>
            <param name="Encrypted_Data">Data you want to decrypt</param>
            <param name="Key">The private || RGB key</param>
            <param name="IV">Initialization vector to use</param>
            <returns>Decrypted data or Null</returns>
        </member>
        <member name="M:MB_Security.MBSecurity.Decrypt(System.String,System.String)">
            <summary>
            Decrypt encrypted data
            </summary>
            <param name="Encrypted_Data">Data you want to decrypt</param>
            <param name="Key">The private || RGB key</param>
            <returns>Decrypted data or Null</returns>
        </member>
        <member name="M:MB_Security.MBSecurity.DecryptWithoutKey(System.String)">
            <summary>
            Decrypt ( encrypted data without Key )
            </summary>
            <param name="Encrypted_Data">Data you want to decrypt</param>
            <returns>Decrypted data or Null</returns>
        </member>
    </members>
</doc>
